"taxon","lfc_(Intercept)","lfc_body_siteRectum","lfc_diagnosisCD","lfc_diagnosisUC","lfc_consent_age","se_(Intercept)","se_body_siteRectum","se_diagnosisCD","se_diagnosisUC","se_consent_age","W_(Intercept)","W_body_siteRectum","W_diagnosisCD","W_diagnosisUC","W_consent_age","p_(Intercept)","p_body_siteRectum","p_diagnosisCD","p_diagnosisUC","p_consent_age","q_(Intercept)","q_body_siteRectum","q_diagnosisCD","q_diagnosisUC","q_consent_age","diff_(Intercept)","diff_body_siteRectum","diff_diagnosisCD","diff_diagnosisUC","diff_consent_age","passed_ss_(Intercept)","passed_ss_body_siteRectum","passed_ss_diagnosisCD","passed_ss_diagnosisUC","passed_ss_consent_age"
"Acidaminococcus",-2.03117462301783,-0.87845889050381,1.32992889355464,0.341509620369166,0.0336424362542807,0.34108871288553,0.196380319876825,0.404306179581952,0.433278037357333,0.00824564249732061,-5.95497460421533,-4.47325318063847,3.28941025568734,0.788199703017756,4.08002605803159,0.00100338345436555,0.00422272112331845,0.0166260415903456,0.460577057610096,0.00650189513600831,0.00100338345436555,0.00422272112331845,0.0166260415903456,0.460577057610096,0.00650189513600831,TRUE,TRUE,FALSE,FALSE,TRUE,FALSE,FALSE,TRUE,TRUE,FALSE
"Acinetobacter",-0.218802565900211,-0.632105503369697,0.544395516554934,0.512859566097764,0.00252594920978143,0.222342195131365,0.188018543956899,0.342623357309446,0.433995384179113,0.00590838512515746,-0.984080263176937,-3.36193170134643,1.58890368954985,1.1817166375348,0.42751939087825,0.33058102074504,0.00163381305582727,0.119408820402711,0.243812389229856,0.67113448761948,0.33058102074504,0.00163381305582727,0.119408820402711,0.243812389229856,0.67113448761948,FALSE,TRUE,FALSE,FALSE,FALSE,TRUE,FALSE,TRUE,FALSE,TRUE
"Actinomyces",-0.0170195899532414,-0.346749754624067,0.40881748522801,-0.00533349764508747,-0.00624318743363491,0.266534955788446,0.208850084810519,0.374556589198394,0.418560779003999,0.00644385894153964,-0.0638550013182891,-1.66028065029832,1.09147054682162,-0.0127424687467827,-0.968858488411172,0.949309094148242,0.102350116968516,0.279658085754221,0.989877751917674,0.336709029672488,0.949309094148242,0.102350116968516,0.279658085754221,0.989877751917674,0.336709029672488,FALSE,FALSE,FALSE,FALSE,FALSE,TRUE,TRUE,TRUE,TRUE,TRUE
"Aggregatibacter",0.66389518627141,-1.15503901049614,0.00344200045807033,-1.17788194441446,-0.00826809586801893,0.228455390124079,0.186772560037935,0.371865043507915,0.426470902580512,0.00595886790644953,2.90601673224184,-6.18420077479017,0.00925604737030643,-2.76192804078137,-1.38752796635583,0.00844876268272668,3.90260799151257e-06,0.992702217599856,0.0116837295280596,0.179830072164707,0.00844876268272668,3.90260799151257e-06,0.992702217599856,0.0116837295280596,0.179830072164707,TRUE,TRUE,FALSE,FALSE,FALSE,FALSE,FALSE,TRUE,TRUE,TRUE
"Akkermansia",-0.976585764442076,0.740390792797445,-1.5175573851498,-1.77562947483298,0.0404998778860206,0.490223300332881,0.349413621645107,0.530569686246709,0.596086971922862,0.0107179225778741,-1.99212433146066,2.11895228729647,-2.86024140558258,-2.97880939941557,3.77870595647217,0.0532139040895365,0.0403530460502842,0.00669738919472266,0.00489939481730462,0.000514530413702708,0.0532139040895365,0.0403530460502842,0.00669738919472266,0.00489939481730462,0.000514530413702708,FALSE,FALSE,TRUE,TRUE,TRUE,TRUE,TRUE,TRUE,FALSE,FALSE
"Alistipes",0.478593546946698,0.251812164675597,-0.688018658670496,-1.46360167199561,-0.00328526266718651,0.5187552666162,0.391109572085419,0.55059183060036,0.622337362314163,0.0109127674435704,0.922580603506016,0.643840454563463,-1.24959837838547,-2.35178178368273,-0.301047620062876,0.359265072640396,0.52169661980514,0.21543791430032,0.0213842653845426,0.764233997034006,0.359265072640396,0.52169661980514,0.21543791430032,0.0213842653845426,0.764233997034006,FALSE,FALSE,FALSE,FALSE,FALSE,TRUE,TRUE,TRUE,TRUE,TRUE
"Anaerococcus",-0.467416486294728,1.02606469871868,0.345285964539497,-0.194826183154883,-0.0199201710781547,0.227868744858127,0.172676505633877,0.356972498354026,0.435728322507691,0.00579962084430988,-2.05125317465432,5.942121048559,0.96726208918498,-0.447127655217877,-3.43473678933663,0.052924387316041,6.73945754508178e-06,0.344421565358642,0.659360484164302,0.0024866043165584,0.052924387316041,6.73945754508178e-06,0.344421565358642,0.659360484164302,0.0024866043165584,FALSE,TRUE,FALSE,FALSE,TRUE,TRUE,FALSE,TRUE,TRUE,FALSE
"Anaerostipes",0.836849936701469,-0.201843124789235,-0.759310109771823,-0.00690554365957175,-0.02095832258235,0.365116449679361,0.297480599208594,0.451484390225222,0.519588888506708,0.00883674930542762,2.29200830977727,-0.678508532409208,-1.68180811166703,-0.0132903990295447,-2.37172311423129,0.0245339405258919,0.499407379567465,0.0965059491118521,0.989429196446753,0.0201085934697603,0.0245339405258919,0.499407379567465,0.0965059491118521,0.989429196446753,0.0201085934697603,FALSE,FALSE,FALSE,FALSE,FALSE,FALSE,TRUE,FALSE,TRUE,FALSE
"Anaerotruncus",-0.816716745188719,0.310098632830024,-0.435735350127364,-0.403197373262083,0.0197661837785447,0.254005010467429,0.208984690428007,0.376998734836078,0.444171780629707,0.00647280263074097,-3.21535682971674,1.48383420907499,-1.15580056340726,-0.907750989246695,3.05372879510802,0.00285491288404199,0.147064939040619,0.25582036358799,0.37039915056062,0.00437090752556863,0.00285491288404199,0.147064939040619,0.25582036358799,0.37039915056062,0.00437090752556863,TRUE,FALSE,FALSE,FALSE,TRUE,FALSE,TRUE,TRUE,TRUE,FALSE
"Bacteroides",1.03023568625328,0.312526103594396,-0.615660927574254,-0.413564126444152,-0.026531547382315,0.574760466676083,0.409312578101415,0.557978421594811,0.629004598097745,0.0117636779156349,1.79246093979162,0.76353896829665,-1.10337766434511,-0.657489830272887,-2.25537859609811,0.0762422166218126,0.447034112213798,0.272650332839526,0.512455916508993,0.0264046226063708,0.0762422166218126,0.447034112213798,0.272650332839526,0.512455916508993,0.0264046226063708,FALSE,FALSE,FALSE,FALSE,FALSE,TRUE,TRUE,TRUE,TRUE,TRUE
"Barnesiella",-0.135261676491246,0.244930844696501,-1.43740381690492,-0.612524472709932,0.0161077113570118,0.200531002176863,0.183558198901197,0.360197425466998,0.426886694733722,0.00627078440652997,-0.67451753106958,1.33434979294136,-3.99059991903418,-1.43486428662764,2.56869162018045,0.50700921671106,0.195737132566473,0.000617121740841726,0.165390057597958,0.0175167563751863,0.50700921671106,0.195737132566473,0.000617121740841726,0.165390057597958,0.0175167563751863,FALSE,FALSE,TRUE,FALSE,FALSE,TRUE,TRUE,FALSE,TRUE,FALSE
"Bifidobacterium",0.317865017017323,-0.0974314109996161,-0.590791850792608,1.01776185956683,-0.0167729215605576,0.37658265611063,0.300957177051072,0.458065857569347,0.521912218861415,0.00846383575040557,0.844077686158608,-0.323738453271982,-1.28975308032681,1.95006329184463,-1.98171633467177,0.4013464765439,0.747049247761999,0.201152735433348,0.0549568189607936,0.051225612213493,0.4013464765439,0.747049247761999,0.201152735433348,0.0549568189607936,0.051225612213493,FALSE,FALSE,FALSE,FALSE,FALSE,FALSE,TRUE,FALSE,TRUE,FALSE
"Blautia",0.525768670635496,0.114140839086951,-0.658543706515071,0.342482249023732,-0.0178236037932798,0.343768254791415,0.262962203483396,0.409745911919604,0.436305211476663,0.00750602533436802,1.52942764000856,0.434057965650407,-1.60720018762331,0.784960252628224,-2.37457282640259,0.13000714200053,0.665386291885063,0.111854506910921,0.434738895535421,0.0199048575870602,0.13000714200053,0.665386291885063,0.111854506910921,0.434738895535421,0.0199048575870602,FALSE,FALSE,FALSE,FALSE,FALSE,TRUE,TRUE,TRUE,TRUE,TRUE
"Butyricimonas",-2.60669698433323,-0.167056919191745,1.01028830981252,1.29981807547476,0.0487554156100363,0.159047758045174,0.176933947774319,0.351836516499198,0.454594971404695,0.00649400663338896,-16.3893978536488,-0.944176746707914,2.87147087478291,2.85928828349847,7.50775574502191,2.00985834549703e-11,0.35911983028813,0.011077359709934,0.0113604413338425,1.25140082455659e-06,2.00985834549703e-11,0.35911983028813,0.011077359709934,0.0113604413338425,1.25140082455659e-06,TRUE,FALSE,FALSE,FALSE,TRUE,TRUE,TRUE,TRUE,TRUE,TRUE
"Campylobacter",0.0103928098883011,0.647076668656003,-1.10529226347717,-0.272824586618995,0.00304069055697201,0.200276147303586,0.156707231639569,0.344005239905134,0.41595712193236,0.00543475454360264,0.0518923997102228,4.12920745192089,-3.21300996398186,-0.655895937907175,0.559489951676156,0.959062495438237,0.000407975293321461,0.00385683595203415,0.51839916904587,0.581235505405191,0.959062495438237,0.000407975293321461,0.00385683595203415,0.51839916904587,0.581235505405191,FALSE,TRUE,TRUE,FALSE,FALSE,TRUE,FALSE,FALSE,TRUE,TRUE
"Catenibacterium",-0.549586930910273,0.13241327426986,2.73467545990816,-1.56997373787494,-0.0297338899449574,0.194448730592258,0.13663842939472,0.34243226411148,0.421389806847097,0.00518254200121679,-2.8263847711236,0.969077841837202,7.98603328749967,-3.72570411615251,-5.73731769814432,0.0255382595728266,0.364789683151743,9.21717321798954e-05,0.00740037922461185,0.000707583215565446,0.0255382595728266,0.364789683151743,9.21717321798954e-05,0.00740037922461185,0.000707583215565446,FALSE,FALSE,TRUE,TRUE,TRUE,TRUE,TRUE,FALSE,FALSE,FALSE
"Citrobacter",-1.1925783575528,-0.133982456546956,1.45177782604583,2.47540178448149,-0.000534196769780999,0.301839887719098,0.278331491904633,0.422354056226329,0.512443865870811,0.00756227117911949,-3.95102968850376,-0.481377280127767,3.43734789483793,4.83058135601831,-0.0706397267603934,0.000347718573031804,0.633161621278127,0.00149867440101122,2.51852185614745e-05,0.944075456337286,0.000347718573031804,0.633161621278127,0.00149867440101122,2.51852185614745e-05,0.944075456337286,TRUE,FALSE,TRUE,TRUE,FALSE,FALSE,TRUE,FALSE,FALSE,TRUE
"Cloacibacterium",-0.883647422819459,-0.506948372619008,0.130527787570026,1.00314541938586,0.039273236972134,0.215927559700765,0.201087836017647,0.371783078825613,0.442616005399081,0.00625251232440073,-4.09233274364804,-2.52102952947646,0.35108587508161,2.26640114037761,6.28119305241004,0.00149269992929254,0.0268583682952631,0.731610742221798,0.0427146214175685,4.06021468437805e-05,0.00149269992929254,0.0268583682952631,0.731610742221798,0.0427146214175685,4.06021468437805e-05,TRUE,FALSE,FALSE,FALSE,TRUE,FALSE,TRUE,TRUE,TRUE,FALSE
"Collinsella",-0.630811806466743,-0.0258672946958244,0.683561337376366,0.981690227390984,-0.00256891661506911,0.301323762625762,0.226301506915231,0.381699519564164,0.461192376116194,0.00744896637758528,-2.09346850367788,-0.114304562300215,1.79083625296903,2.12859162082864,-0.344868869699727,0.0411082981232058,0.909428292273179,0.0790311138948026,0.0379543364462678,0.731557813552966,0.0411082981232058,0.909428292273179,0.0790311138948026,0.0379543364462678,0.731557813552966,FALSE,FALSE,FALSE,FALSE,FALSE,TRUE,TRUE,TRUE,TRUE,TRUE
"Coprococcus",-0.846114113080568,-0.0702092218721095,0.0347711522986858,0.631338685530277,0.0200000458882616,0.360574032987411,0.25997279250668,0.431112495815759,0.507236072373449,0.00762029172203199,-2.34657528183708,-0.27006372934316,0.0806544756558057,1.24466440759256,2.62457745947402,0.0221049914993446,0.787993927217427,0.935972416871613,0.217865521571175,0.0108729070385616,0.0221049914993446,0.787993927217427,0.935972416871613,0.217865521571175,0.0108729070385616,FALSE,FALSE,FALSE,FALSE,FALSE,TRUE,TRUE,FALSE,TRUE,TRUE
"Corynebacterium",-2.39648628767481,1.17302140637792,0.490639144751374,0.673307435084805,0.0547404695553762,0.214288582957358,0.224509726938157,0.378157142111939,0.478961783672572,0.0069170993209761,-11.1834529614286,5.22481329595595,1.29744778060053,1.40576442220929,7.91378972821393,2.07637352140726e-12,1.12723916461192e-05,0.20404974882741,0.169738227773684,6.20994773028525e-09,2.07637352140726e-12,1.12723916461192e-05,0.20404974882741,0.169738227773684,6.20994773028525e-09,TRUE,TRUE,FALSE,FALSE,TRUE,FALSE,FALSE,TRUE,FALSE,FALSE
"Desulfovibrio",-1.13401476758261,0.278320144057193,2.12884403162473,0.723695352542651,-0.00559508582092608,0.193520986877973,0.162295601287054,0.359771875595504,0.433296001261319,0.00643002331140513,-5.85990587314274,1.71489641031568,5.91720525152505,1.6702100883368,-0.870150161198,2.41688718118971e-05,0.105663755923526,2.16695953867023e-05,0.114321069183926,0.397085560942358,2.41688718118971e-05,0.105663755923526,2.16695953867023e-05,0.114321069183926,0.397085560942358,TRUE,FALSE,TRUE,FALSE,FALSE,FALSE,TRUE,FALSE,TRUE,TRUE
"Dialister",0.260305564499846,0.352997504581019,-0.228696892843831,-0.888632428466504,-0.0106589067397869,0.408539121423637,0.355161628432891,0.484964322674137,0.600922005695327,0.00969306631023194,0.637161904085852,0.993906650722882,-0.471574674983874,-1.4787816389554,-1.09964240402807,0.526484171952582,0.324327198662158,0.638969680914834,0.144518106621481,0.275954707214683,0.526484171952582,0.324327198662158,0.638969680914834,0.144518106621481,0.275954707214683,FALSE,FALSE,FALSE,FALSE,FALSE,TRUE,TRUE,TRUE,TRUE,FALSE
"Dorea",0.570213248264979,-0.374598999724075,-0.0895881737726746,0.634510599334909,-0.0256403521475029,0.255530288335069,0.221274488608104,0.363237875997422,0.477677146158611,0.00697347342007514,2.23148986360973,-1.69291544669445,-0.24663775363919,1.32832521806313,-3.67684088014013,0.0291034197907935,0.0952597220063216,0.805965856013464,0.188715845376057,0.000480598963542671,0.0291034197907935,0.0952597220063216,0.805965856013464,0.188715845376057,0.000480598963542671,FALSE,FALSE,FALSE,FALSE,TRUE,FALSE,TRUE,FALSE,TRUE,FALSE
"Eggerthella",-0.388046005878194,-0.0687516449499172,0.678020873006405,0.797603268888291,-0.00943130490031709,0.25189355016013,0.188303954380943,0.348440431417546,0.456150948443957,0.00579732520576592,-1.54051584739471,-0.365109937154221,1.94587313030247,1.74855115748221,-1.62683730264724,0.131721648962362,0.717053692237019,0.0590936500943576,0.0884439062162657,0.112036918268493,0.131721648962362,0.717053692237019,0.0590936500943576,0.0884439062162657,0.112036918268493,FALSE,FALSE,FALSE,FALSE,FALSE,TRUE,TRUE,TRUE,FALSE,TRUE
"Faecalibacterium",1.86412470205106,0.141632495586906,-1.38091135743893,-0.529202454590918,-0.0446614521922484,0.620025504761131,0.4787486445737,0.643666307488396,0.664804490203636,0.0128084066957339,3.00652906652482,0.295838948459107,-2.14538393787813,-0.7960271965504,-3.48688585966932,0.00341539741734753,0.768027109141965,0.0345848707481398,0.428087920570471,0.00075445430077097,0.00341539741734753,0.768027109141965,0.0345848707481398,0.428087920570471,0.00075445430077097,TRUE,FALSE,FALSE,FALSE,TRUE,TRUE,TRUE,TRUE,TRUE,TRUE
"Flavonifractor",-0.367543915314095,-0.133074234230764,0.542188547102581,0.392848020876847,-0.00374733127415259,0.344331477377354,0.252062454783876,0.408550792069143,0.490330635309872,0.00796929901885144,-1.06741305823546,-0.527941514910915,1.32710193598357,0.801190039102045,-0.470220939795112,0.28940139571321,0.599186108666585,0.18872698808305,0.425694767858596,0.639638397629837,0.28940139571321,0.599186108666585,0.18872698808305,0.425694767858596,0.639638397629837,FALSE,FALSE,FALSE,FALSE,FALSE,TRUE,TRUE,TRUE,TRUE,TRUE
"Fusobacterium",-0.910045844278022,0.212550633052125,1.16518096798711,-0.0372122341470799,0.00390912410679564,0.431194004997498,0.344284993360428,0.51192745895881,0.528848560430001,0.00986137608365056,-2.11052527106285,0.617368276721863,2.27606655512663,-0.0703646316382579,0.396407567629094,0.0387264876429187,0.539182260265334,0.0261970013364185,0.944122851090673,0.693123021146513,0.0387264876429187,0.539182260265334,0.0261970013364185,0.944122851090673,0.693123021146513,FALSE,FALSE,FALSE,FALSE,FALSE,TRUE,TRUE,TRUE,TRUE,FALSE
"Gemella",-0.536458107833652,-0.862450397701254,1.21114907903183,0.389984133889278,0.00407474574978369,0.291395316925657,0.208543424963356,0.373707391384318,0.447381618171225,0.00679380202327875,-1.84099769856809,-4.13559141388802,3.24090212544471,0.87170352569117,0.599773990443304,0.0718069725874631,0.00014155720141231,0.00216787630998653,0.387709508954396,0.551477834565119,0.0718069725874631,0.00014155720141231,0.00216787630998653,0.387709508954396,0.551477834565119,FALSE,TRUE,TRUE,FALSE,FALSE,FALSE,TRUE,FALSE,TRUE,FALSE
"Granulicatella",-0.546813797732975,-0.587606589310474,1.1497559329998,0.371643046906193,0.00332443740586287,0.307811808403909,0.238461078249287,0.383928374441148,0.483545203145916,0.00692759613224243,-1.77645490784892,-2.46416142049056,2.99471466435217,0.768579740814934,0.479883258550577,0.0809948283794846,0.0167728960011564,0.00405911607403603,0.445315674465814,0.633146795927483,0.0809948283794846,0.0167728960011564,0.00405911607403603,0.445315674465814,0.633146795927483,FALSE,FALSE,TRUE,FALSE,FALSE,TRUE,FALSE,FALSE,TRUE,TRUE
"Haemophilus",-0.807794444254759,-0.104672488242837,0.762770355347076,0.607115247778083,0.0108874286146702,0.463836406237189,0.389524725694451,0.530190218708518,0.593017659933226,0.00985383465679071,-1.74155032548627,-0.268718469812732,1.43867300533212,1.02377262735556,1.10489256151332,0.0854796768734446,0.788846846425362,0.154193367677005,0.30906743283294,0.272559913502364,0.0854796768734446,0.788846846425362,0.154193367677005,0.30906743283294,0.272559913502364,FALSE,FALSE,FALSE,FALSE,FALSE,TRUE,TRUE,TRUE,TRUE,TRUE
"Hungatella",-0.843142148429703,-0.00369076942653844,0.723894640119988,1.54744252618185,-0.0154193998347993,0.162934786239518,0.144418735737265,0.330714510348079,0.42509047662974,0.00526698196019718,-5.17472154282797,-0.0255560291931437,2.18888079436879,3.64026627566557,-2.92755888501697,9.21628773841211e-05,0.979927486541514,0.0437795645497245,0.00220356358704788,0.00986014362919248,9.21628773841211e-05,0.979927486541514,0.0437795645497245,0.00220356358704788,0.00986014362919248,TRUE,FALSE,FALSE,TRUE,TRUE,FALSE,TRUE,TRUE,TRUE,FALSE
"Intestinibacter",0.0533121374271019,0.0251598024286659,0.168127802605105,0.0679542662430143,-0.0161546515468953,0.355469131963722,0.255965236578901,0.415427265817815,0.456368552275641,0.00747190284063079,0.149976840837316,0.0982938260091051,0.404710562928811,0.148902166689984,-2.16205321341297,0.881341667588698,0.922062941088798,0.687288978028106,0.882185523281018,0.0350632942729795,0.881341667588698,0.922062941088798,0.687288978028106,0.882185523281018,0.0350632942729795,FALSE,FALSE,FALSE,FALSE,FALSE,FALSE,TRUE,TRUE,TRUE,FALSE
"Lachnoanaerobaculum",-1.59105535137969,-0.256193442623076,0.00385405341787836,-0.720082665468634,0.0547774178860161,0.145002450152986,0.121149009387302,0.331133665934262,0.41300072499146,0.00503548830203533,-10.9726101159051,-2.11469696631236,0.0116389658146191,-1.74353850222303,10.8782732875926,3.40383017242929e-05,0.0788592170989183,0.991091007360419,0.131863633764637,3.5770445501355e-05,3.40383017242929e-05,0.0788592170989183,0.991091007360419,0.131863633764637,3.5770445501355e-05,TRUE,FALSE,FALSE,FALSE,TRUE,FALSE,TRUE,TRUE,TRUE,FALSE
"Lachnoclostridium",-0.812873039664715,-0.0039325314238545,0.751909521295439,0.341186329834573,0.0140666845927052,0.490517367974691,0.338132173344386,0.504846107172266,0.563465983365602,0.0106045214293101,-1.65717483770454,-0.0116301604338882,1.48938361733047,0.605513624436838,1.32647990637522,0.101305595110473,0.990748933098727,0.140222655826453,0.546510071526082,0.188363336201289,0.101305595110473,0.990748933098727,0.140222655826453,0.546510071526082,0.188363336201289,FALSE,FALSE,FALSE,FALSE,FALSE,TRUE,TRUE,TRUE,TRUE,TRUE
"Lachnospira",0.359189600200036,-0.300706130075789,0.0519062251675408,-0.108650699340509,-0.0142882489308724,0.357273239646652,0.267991533661014,0.408973928976524,0.538792190516781,0.0081904244243664,1.00536385136284,-1.12207324600096,0.126918176171861,-0.20165603966215,-1.7445065347731,0.31937721364603,0.266985907168937,0.899494669887879,0.84097243858379,0.0869791793509371,0.31937721364603,0.266985907168937,0.899494669887879,0.84097243858379,0.0869791793509371,FALSE,FALSE,FALSE,FALSE,FALSE,TRUE,TRUE,FALSE,TRUE,TRUE
"Lactobacillus",-0.741011120341276,0.045306308470016,-1.31998911649602,-0.40577265763643,0.0673342815201075,0.262984022845042,0.178777005455638,0.373728827343013,0.438227976959111,0.00564451738481691,-2.81770395145983,0.253423578466071,-3.5319435374583,-0.925939645506227,11.9291476896198,0.0136945299819539,0.803624535038583,0.00331780631853031,0.370164316030144,1.00916633567868e-08,0.0136945299819539,0.803624535038583,0.00331780631853031,0.370164316030144,1.00916633567868e-08,FALSE,FALSE,TRUE,FALSE,TRUE,TRUE,TRUE,FALSE,TRUE,FALSE
"Leptotrichia",-0.761514785536932,-0.755736972093099,0.290694651231259,-0.94589654513849,0.0218796746766061,0.192491473912101,0.139939826872567,0.345270657731955,0.419470047151315,0.00535106215588578,-3.95609618473112,-5.40044238286284,0.841932683016853,-2.25497994806118,4.08884704367338,0.00419995489109693,0.000645676098095809,0.424277600681344,0.0541448912603489,0.00349115388336791,0.00419995489109693,0.000645676098095809,0.424277600681344,0.0541448912603489,0.00349115388336791,TRUE,TRUE,FALSE,FALSE,TRUE,FALSE,FALSE,TRUE,TRUE,FALSE
"Massilia",0.278501552416891,-0.32234502693685,-0.79842751773759,-0.171918859242918,0.0103765244881,0.140721492412599,0.120901695259834,0.329218767925314,0.411736400415435,0.00498023412059789,1.9790974899578,-2.66617458294597,-2.42521871632397,-0.417545932469062,2.08354150363804,0.0882991962286599,0.0321776708236323,0.045740407144246,0.68878826187123,0.0756883449865382,0.0882991962286599,0.0321776708236323,0.045740407144246,0.68878826187123,0.0756883449865382,FALSE,FALSE,FALSE,FALSE,FALSE,TRUE,TRUE,TRUE,FALSE,TRUE
"Megasphaera",-0.449128963575975,1.3627288587555,-0.648499483917648,-2.51099853513503,0.0141500112479266,0.366394949251848,0.238904066170573,0.445418222272358,0.468108140419131,0.00932758022522215,-1.22580555352377,5.70408398902066,-1.45593388750295,-5.364141996947,1.51700772400375,0.230856667157521,4.62998286597504e-06,0.156941425549457,1.14658670401947e-05,0.140887096820157,0.230856667157521,4.62998286597504e-06,0.156941425549457,1.14658670401947e-05,0.140887096820157,FALSE,TRUE,FALSE,TRUE,FALSE,TRUE,FALSE,TRUE,FALSE,TRUE
"Odoribacter",-1.4648579796476,-0.145628313118528,0.783432364503665,0.198285076225852,0.0352431439906258,0.259430699150685,0.214759325503017,0.373063493479035,0.453175901379262,0.00648933658763887,-5.64643268681461,-0.678100067493843,2.0999973950753,0.437545499710736,5.43093173156687,1.89154613194228e-06,0.50192727062965,0.0426059818608526,0.664259319057766,3.70271566191011e-06,1.89154613194228e-06,0.50192727062965,0.0426059818608526,0.664259319057766,3.70271566191011e-06,TRUE,FALSE,FALSE,FALSE,TRUE,FALSE,TRUE,TRUE,TRUE,FALSE
"Oscillibacter",-0.594680926333312,0.510822170172534,-0.213523525760663,-0.123214400881391,0.00133102266947575,0.179551644053393,0.15640955750851,0.340979547447799,0.420962643235841,0.00535183822034454,-3.31203275508006,3.26592682895828,-0.626206255943699,-0.292696757921963,0.248703831221203,0.00366463182493527,0.00406550332541655,0.538630737290177,0.772926467011812,0.806258361636263,0.00366463182493527,0.00406550332541655,0.538630737290177,0.772926467011812,0.806258361636263,TRUE,TRUE,FALSE,FALSE,FALSE,FALSE,FALSE,TRUE,TRUE,TRUE
"Parabacteroides",0.207625060238027,0.0442314713259274,0.128983709512651,0.380702066039341,-0.0222291242049773,0.41320854839436,0.299143723698304,0.461236763606971,0.542354521603009,0.0090673867631228,0.502470389455429,0.14786026856621,0.279647503603076,0.701943195594867,-2.45154693250579,0.617418135546016,0.883014138912692,0.780836444723407,0.48578585878619,0.0175542313369834,0.617418135546016,0.883014138912692,0.780836444723407,0.48578585878619,0.0175542313369834,FALSE,FALSE,FALSE,FALSE,FALSE,TRUE,TRUE,TRUE,TRUE,TRUE
"Parvimonas",0.85093253361864,-0.476668671585783,-0.879804503877265,0.621955546238109,-0.0299568106916394,0.253263093492078,0.160591934887168,0.354848981273693,0.431188315981964,0.00550743025040904,3.35987577931586,-2.96819807246666,-2.47937728528711,1.44242207681742,-5.43934454538294,0.00270924004306889,0.00688488627745867,0.0209230760340176,0.162663857908266,1.57910944907385e-05,0.00270924004306889,0.00688488627745867,0.0209230760340176,0.162663857908266,1.57910944907385e-05,TRUE,TRUE,FALSE,FALSE,TRUE,FALSE,FALSE,TRUE,TRUE,FALSE
"Peptoniphilus",2.58903476657951,-0.0635061407635913,-2.18158558823402,-2.35989159256997,-0.0229023613766289,0.162200759344782,0.152044489893284,0.339908199840141,0.422817492444293,0.00537302647599166,15.9619152033446,-0.417681303730009,-6.4181611072049,-5.58134806326842,-4.26246948139261,6.56772158115367e-08,0.685968512399771,0.000122629730269934,0.000342358397344535,0.00210348816167227,6.56772158115367e-08,0.685968512399771,0.000122629730269934,0.000342358397344535,0.00210348816167227,TRUE,FALSE,TRUE,TRUE,TRUE,FALSE,TRUE,FALSE,FALSE,FALSE
"Peptostreptococcus",-1.36765687896202,0.40367896328764,1.53973907479198,1.23274768100759,-0.00814445819757169,0.188569259921385,0.18028800383583,0.361789179067503,0.41153279044148,0.00536133666222261,-7.25280928361386,2.23907833410386,4.25590140302315,2.99550293352112,-1.51910963826609,1.35045555396033e-06,0.0388135503877596,0.000533295237374579,0.0081322850577777,0.147113683712799,1.35045555396033e-06,0.0388135503877596,0.000533295237374579,0.0081322850577777,0.147113683712799,TRUE,FALSE,TRUE,TRUE,FALSE,FALSE,TRUE,FALSE,FALSE,TRUE
"Phascolarctobacterium",-1.20681923062458,0.356471567982969,-0.0935266830817155,0.480441857365665,0.0227194671365656,0.359341585410497,0.252028368419726,0.431538084388023,0.474405146751522,0.00730864081548503,-3.35841795000142,1.41441048965291,-0.216728688533594,1.01272480000582,3.10857623327572,0.00198884682682551,0.166607787109076,0.829754085803357,0.318559788831221,0.00385535652436206,0.00198884682682551,0.166607787109076,0.829754085803357,0.318559788831221,0.00385535652436206,TRUE,FALSE,FALSE,FALSE,TRUE,FALSE,TRUE,TRUE,TRUE,FALSE
"Porphyromonas",-1.26144488976318,0.852793842738598,1.07033823477641,1.54223034685477,-0.0243244932641489,0.203986813433378,0.218242375067069,0.361022679657089,0.484126611534425,0.00638472977680506,-6.18395311212196,3.90755389495977,2.96473959972001,3.18559300420755,-3.80979213130003,3.9047759585567e-06,0.000810194026484998,0.00739338869083766,0.00444973517690261,0.00102285101567727,3.9047759585567e-06,0.000810194026484998,0.00739338869083766,0.00444973517690261,0.00102285101567727,TRUE,TRUE,TRUE,TRUE,TRUE,FALSE,FALSE,FALSE,FALSE,FALSE
"Prevotella",-0.365623191828396,0.25735491105651,-0.77820685014897,0.419250737452486,0.00923378744412613,0.571898377789117,0.412517438294247,0.567821521343598,0.684995880006303,0.0130240843463203,-0.639314965784388,0.623864319822862,-1.37051312938536,0.612048553414114,0.708977859678477,0.525011690599535,0.535042817299682,0.175549232950414,0.542780339171259,0.481039162759939,0.525011690599535,0.535042817299682,0.175549232950414,0.542780339171259,0.481039162759939,FALSE,FALSE,FALSE,FALSE,FALSE,TRUE,TRUE,TRUE,TRUE,TRUE
"Proteus",1.7158246960422,-0.0895492528734061,-1.83126821463321,-2.06004827608007,-0.0232880790598099,0.194753941045654,0.162017754126131,0.359734742529043,0.432605878754263,0.00541732997286925,8.81021809792272,-0.552712592248946,-5.09060704495442,-4.76195164525321,-4.29881125507212,1.01608413605728e-05,0.5939198509639,0.000653392771362205,0.00102686195046074,0.00199412549344676,1.01608413605728e-05,0.5939198509639,0.000653392771362205,0.00102686195046074,0.00199412549344676,TRUE,FALSE,TRUE,TRUE,TRUE,FALSE,TRUE,FALSE,FALSE,FALSE
"Pseudomonas",-1.33019459122066,-0.113997339165231,1.10791164081915,0.974516800773581,0.0260341570411107,0.319362067657064,0.305102442710541,0.428448990250848,0.526564696766548,0.00952548570901368,-4.1651615076874,-0.373636271648546,2.58586591643148,1.85070667813044,2.73310546426787,9.22576369786107e-05,0.709872481829044,0.0119278274992734,0.0686876311427719,0.00804409068465399,9.22576369786107e-05,0.709872481829044,0.0119278274992734,0.0686876311427719,0.00804409068465399,TRUE,FALSE,FALSE,FALSE,TRUE,FALSE,FALSE,TRUE,FALSE,FALSE
"Romboutsia",-0.226155319682812,-0.865259109266927,-0.129907775249899,1.00868479342107,0.0124859182511164,0.250330870844377,0.184768666515979,0.356362891086595,0.450449807437926,0.00587761781144309,-0.903425609953659,-4.68293204460671,-0.364537886797904,2.23928343794458,2.12431611779992,0.374290170623153,7.14122725496689e-05,0.718296032716152,0.0335743584244033,0.0429488690591595,0.374290170623153,7.14122725496689e-05,0.718296032716152,0.0335743584244033,0.0429488690591595,FALSE,TRUE,FALSE,FALSE,FALSE,TRUE,FALSE,TRUE,TRUE,TRUE
"Roseburia",0.223994881680606,-0.470254224070845,0.243908815584109,0.725693366205287,-0.0157855549216217,0.44638921221614,0.358492850785423,0.520789206218095,0.561261266251275,0.0114270204653941,0.501792775341867,-1.31175342281042,0.468344605978576,1.29296890742572,-1.38142352763147,0.617323394341344,0.193713757156982,0.640933620530477,0.200098895425439,0.171362494371359,0.617323394341344,0.193713757156982,0.640933620530477,0.200098895425439,0.171362494371359,FALSE,FALSE,FALSE,FALSE,FALSE,TRUE,TRUE,TRUE,TRUE,TRUE
"Rothia",-1.42184401232127,0.0104781499741187,1.1820259018538,0.999397331904965,0.0161405603010403,0.200616167000706,0.204557729311814,0.375276896841606,0.437661163810776,0.00567094780869149,-7.08738499782157,0.0512234370677165,3.14974332766534,2.2834955772705,2.8461838912188,7.0040634945046e-08,0.95948702684649,0.00368508491208067,0.0296527819086988,0.00790452502990222,7.0040634945046e-08,0.95948702684649,0.00368508491208067,0.0296527819086988,0.00790452502990222,TRUE,FALSE,TRUE,FALSE,TRUE,FALSE,TRUE,FALSE,FALSE,FALSE
"Ruminococcus",0.308872564144904,0.156841822281144,-1.05299998903814,-0.31475505788132,-0.00639299089720368,0.394355369168042,0.312566325139552,0.472986553459875,0.557740189527886,0.00912601148082529,0.783234078431649,0.501787331732294,-2.22627891075444,-0.564339927068467,-0.700524091015668,0.437259050940241,0.618064427607309,0.0306255963817563,0.575097114840638,0.486913237762325,0.437259050940241,0.618064427607309,0.0306255963817563,0.575097114840638,0.486913237762325,FALSE,FALSE,FALSE,FALSE,FALSE,TRUE,TRUE,FALSE,TRUE,TRUE
"Sellimonas",-2.07229128719421,1.11414010858821,1.08242698949349,-0.925765228714486,0.0279362226515146,0.148667939854159,0.134745041035052,0.333796614880866,0.418474407312824,0.00510694134422335,-13.9390596871598,8.26850546802965,3.24277401638664,-2.21223858027343,5.47024544997258,2.31367449497303e-06,7.37818172173072e-05,0.0141984572545255,0.0625901044933292,0.00093561692234225,2.31367449497303e-06,7.37818172173072e-05,0.0141984572545255,0.0625901044933292,0.00093561692234225,TRUE,TRUE,FALSE,FALSE,TRUE,FALSE,FALSE,TRUE,TRUE,FALSE
"Solobacterium",0.430586903566826,0.168098520715901,-0.727801155912705,-0.882088939335043,-0.00510644822663002,0.223950087724013,0.163051967607469,0.353170197394611,0.41673895401571,0.00545866320693587,1.92269138156116,1.03095058086377,-2.06076605920262,-2.11664623821509,-0.935475964177764,0.0669883426231646,0.31328394135529,0.0508095245058466,0.045320912807994,0.359261956372013,0.0669883426231646,0.31328394135529,0.0508095245058466,0.045320912807994,0.359261956372013,FALSE,FALSE,FALSE,FALSE,FALSE,TRUE,TRUE,TRUE,TRUE,TRUE
"Staphylococcus",-0.187031277445542,0.203452256518936,-0.0728319800736006,0.357200033810257,-0.00127789800373216,0.287331199208481,0.229891749686381,0.36911500236204,0.470704814273654,0.00651373356977724,-0.650925753836557,0.884991552748134,-0.197315144623042,0.758862078692469,-0.196185181669299,0.517424713660156,0.379474111377436,0.844206252132665,0.45072089712881,0.845086840984781,0.517424713660156,0.379474111377436,0.844206252132665,0.45072089712881,0.845086840984781,FALSE,FALSE,FALSE,FALSE,FALSE,TRUE,TRUE,TRUE,TRUE,TRUE
"Streptococcus",0.132369178135789,-0.633087923920504,0.420937510095359,0.161733150479103,-0.00452834432450139,0.398446740746867,0.279965978623984,0.448510398996325,0.48579074527102,0.00819120552521342,0.332212977542922,-2.26130305915059,0.938523412249372,0.332927607315517,-0.552830021242009,0.740536798364804,0.0262635575717866,0.350603913078698,0.739999175280149,0.581813965524126,0.740536798364804,0.0262635575717866,0.350603913078698,0.739999175280149,0.581813965524126,FALSE,FALSE,FALSE,FALSE,FALSE,FALSE,TRUE,TRUE,TRUE,FALSE
"Subdoligranulum",0.103455334345212,-0.168621137362734,-0.912352290017452,0.144275197331877,0.00553528234982648,0.37530603858431,0.282857120055018,0.415331414735688,0.490374158914741,0.00855643062216577,0.275655927987344,-0.596135382167278,-2.19668500298265,0.294214519074937,0.646914887089379,0.783550771562922,0.552833256848713,0.0310513485671891,0.76938566115117,0.519610876153149,0.783550771562922,0.552833256848713,0.0310513485671891,0.76938566115117,0.519610876153149,FALSE,FALSE,FALSE,FALSE,FALSE,TRUE,TRUE,FALSE,TRUE,TRUE
"Sutterella",-0.0718011041302632,-0.411779280227892,-0.334779526784198,-1.07124760752007,0.0191288746042793,0.399306706967532,0.333623828594733,0.492201207138002,0.575663168782085,0.00887227981735645,-0.179814420537899,-1.23426219872351,-0.680168032766188,-1.86089308056042,2.1560269736825,0.858206106515293,0.224307649664344,0.500316075816642,0.0701209622729288,0.0371507268142969,0.858206106515293,0.224307649664344,0.500316075816642,0.0701209622729288,0.0371507268142969,FALSE,FALSE,FALSE,FALSE,FALSE,TRUE,TRUE,TRUE,TRUE,TRUE
"Tepidimonas",0.120848384419953,-0.177128154030046,0.0577724670569252,-0.393120475353838,-0.00017821294601919,0.197419067636657,0.175178764970756,0.348751518730086,0.418613821691376,0.00555300766795982,0.612141399848823,-1.01112799864535,0.165655098126291,-0.939100562340406,-0.03209304879002,0.545565262933825,0.320931215358123,0.869662552201668,0.356004989393493,0.974633917275343,0.545565262933825,0.320931215358123,0.869662552201668,0.356004989393493,0.974633917275343,FALSE,FALSE,FALSE,FALSE,FALSE,TRUE,TRUE,TRUE,TRUE,TRUE
"Tyzzerella",-1.40459594972842,-0.0429534791532332,0.77736229294894,1.62783559336352,0.0195996205827542,0.500320731462659,0.376985410512838,0.530449206489134,0.63294621171603,0.0113286325759191,-2.80739106217359,-0.113939367294879,1.46547922673698,2.57183874906237,1.7300958832769,0.00689706720431368,0.90970076904465,0.148483996499332,0.0128480758810074,0.0892214944394747,0.00689706720431368,0.90970076904465,0.148483996499332,0.0128480758810074,0.0892214944394747,TRUE,FALSE,FALSE,FALSE,FALSE,FALSE,TRUE,TRUE,TRUE,TRUE
"Veillonella",0.3653040420716,-0.424809647872784,0.534159410422177,0.0837618954415437,-0.0163157870317539,0.392764291895653,0.324210478932499,0.478790370098356,0.523534482154383,0.00943033498282697,0.930084657921629,-1.31028968980743,1.11564359640827,0.159993082207035,-1.73013864952471,0.355090929921517,0.193801351979689,0.267873636432828,0.873284834201531,0.0874140570509196,0.355090929921517,0.193801351979689,0.267873636432828,0.873284834201531,0.0874140570509196,FALSE,FALSE,FALSE,FALSE,FALSE,TRUE,TRUE,TRUE,TRUE,TRUE
