"taxon","lfc_(Intercept)","lfc_body_siteRectum","lfc_diagnosisIBD","lfc_consent_age","se_(Intercept)","se_body_siteRectum","se_diagnosisIBD","se_consent_age","W_(Intercept)","W_body_siteRectum","W_diagnosisIBD","W_consent_age","p_(Intercept)","p_body_siteRectum","p_diagnosisIBD","p_consent_age","q_(Intercept)","q_body_siteRectum","q_diagnosisIBD","q_consent_age","diff_(Intercept)","diff_body_siteRectum","diff_diagnosisIBD","diff_consent_age","passed_ss_(Intercept)","passed_ss_body_siteRectum","passed_ss_diagnosisIBD","passed_ss_consent_age"
"Acidaminococcus",-2.28110696759073,-0.415370984342837,0.565426294831124,0.0506143564837214,0.385693480090002,0.222064952346793,0.273776864204671,0.00840670900196229,-5.91430004743257,-1.87049320459252,2.06528150752878,6.02070994391587,0.000590897664723642,0.103602748771994,0.0777564989120443,0.000531187724236571,0.000590897664723642,0.103602748771994,0.0777564989120443,0.000531187724236571,TRUE,FALSE,FALSE,TRUE,FALSE,TRUE,TRUE,TRUE
"Acinetobacter",-0.22469693221748,-0.623274942219675,0.347692989676454,0.00770370140784046,0.275435922467616,0.21143061062272,0.241708268240204,0.00638834507755375,-0.815786590958913,-2.94789359205823,1.4384819857752,1.20589938619759,0.419016663905231,0.00510404019875753,0.157372872602658,0.234300995339985,0.419016663905231,0.00510404019875753,0.157372872602658,0.234300995339985,FALSE,TRUE,FALSE,FALSE,TRUE,FALSE,TRUE,TRUE
"Actinomyces",-0.0300918935837662,-0.327249314792359,0.0741218997489858,-0.00101487152269623,0.320651940287104,0.233497031594986,0.27826413565819,0.00699661571845809,-0.0938459737895944,-1.40151381179009,0.266372450670519,-0.145051774105423,0.925554956282817,0.166389151890481,0.790897087720949,0.885172890554964,0.925554956282817,0.166389151890481,0.790897087720949,0.885172890554964,FALSE,FALSE,FALSE,FALSE,TRUE,TRUE,TRUE,TRUE
"Aggregatibacter",0.593218500625779,-1.27478658053327,-0.305768514107172,0.000211285155167672,0.279860389784719,0.217647968399739,0.251168436180764,0.00641686041953243,2.1196943986325,-5.85710305456174,-1.21738431292024,0.0329265624236637,0.0455510606884511,6.80763906656696e-06,0.236355590091286,0.97403005973206,0.0455510606884511,6.80763906656696e-06,0.236355590091286,0.97403005973206,FALSE,TRUE,FALSE,FALSE,TRUE,FALSE,TRUE,TRUE
"Akkermansia",-0.981191975397595,0.730840949764376,-1.77707087892231,0.0458214116087068,0.53799036214744,0.367099092811043,0.445178558414398,0.0111606030220583,-1.82380957807696,1.99085468767574,-3.99181596987002,4.10563941017733,0.0754759107243348,0.0531899734419166,0.000264995049197571,0.000187360070496638,0.0754759107243348,0.0531899734419166,0.000264995049197571,0.000187360070496638,FALSE,FALSE,TRUE,TRUE,TRUE,TRUE,TRUE,FALSE
"Alistipes",0.43367788576755,0.323418684279046,-1.17786788678909,0.00229953524358046,0.571953095914563,0.414232785625384,0.472268246466658,0.0115769618006958,0.758240297788915,0.780765539335009,-2.49406538678277,0.198630286872178,0.450715274030059,0.437430952149547,0.0148619358148472,0.843096669010236,0.450715274030059,0.437430952149547,0.0148619358148472,0.843096669010236,FALSE,FALSE,FALSE,FALSE,TRUE,TRUE,FALSE,TRUE
"Anaerococcus",-0.441858340090659,0.863813850984865,0.00952333710490577,-0.0114231424289973,0.276163578476985,0.20048146164938,0.243610798242944,0.00624438572059755,-1.5999877410608,4.30869689335955,0.0390924260073583,-1.8293460622263,0.123864908544488,0.000283852249582916,0.969169285781969,0.0809350748261169,0.123864908544488,0.000283852249582916,0.969169285781969,0.0809350748261169,FALSE,TRUE,FALSE,FALSE,TRUE,FALSE,TRUE,TRUE
"Anaerostipes",0.801740334965022,-0.192399729428386,-0.625183099086919,-0.0148759709436263,0.416904474104609,0.321572614903382,0.38595759740152,0.00931743080787902,1.92307922980901,-0.598308812727083,-1.61982327410057,-1.59657434011175,0.0579842284189627,0.551303285780763,0.109157343772172,0.114254922739636,0.0579842284189627,0.551303285780763,0.109157343772172,0.114254922739636,FALSE,FALSE,FALSE,FALSE,FALSE,TRUE,FALSE,FALSE
"Anaerotruncus",-0.863212923710034,0.327115515277862,-0.573696525395784,0.0260576703208899,0.304012880648397,0.232672279109613,0.268432214832985,0.00690583890089093,-2.83939588963789,1.40590669644731,-2.13721190563037,3.77328094310571,0.0074785354159038,0.168567818517005,0.0396454584364579,0.000598289226602432,0.0074785354159038,0.168567818517005,0.0396454584364579,0.000598289226602432,TRUE,FALSE,FALSE,TRUE,FALSE,TRUE,TRUE,FALSE
"Bacteroides",0.999112896919282,0.31146194936611,-0.697700640696092,-0.0204444663040696,0.61950492015735,0.427460094990211,0.482529521119734,0.0122084995462692,1.61276022903178,0.728633977806145,-1.44592322367561,-1.67460925288867,0.110079318069767,0.467999340691483,0.151455604539935,0.0972657981053384,0.110079318069767,0.467999340691483,0.151455604539935,0.0972657981053384,FALSE,FALSE,FALSE,FALSE,TRUE,TRUE,TRUE,TRUE
"Barnesiella",0.113429396396428,0.288166333152657,-1.41474146339805,0.0156348067460117,0.254504034389751,0.210456125195942,0.233295579556544,0.00676399173926197,0.445688009105271,1.36924659657382,-6.06415889271127,2.31147632177883,0.659989724967558,0.184145481449938,3.47949668110287e-06,0.0301127356666338,0.659989724967558,0.184145481449938,3.47949668110287e-06,0.0301127356666338,FALSE,FALSE,TRUE,FALSE,TRUE,TRUE,FALSE,FALSE
"Bifidobacterium",0.292531206344662,-0.0630931651498069,-0.11806186784256,-0.0113897708765236,0.435350211843762,0.336944404203711,0.391263293145131,0.00907783291140589,0.671944559543812,-0.187250965923927,-0.301745320634429,-1.25467950200018,0.503683675739591,0.851969506308893,0.76368132824823,0.213491018461591,0.503683675739591,0.851969506308893,0.76368132824823,0.213491018461591,FALSE,FALSE,FALSE,FALSE,FALSE,TRUE,TRUE,FALSE
"Blautia",0.496858369345897,0.144201976853924,-0.431834055172276,-0.0122254656370627,0.39952141540582,0.292077283889879,0.318068486371873,0.00801605072956968,1.24363388340824,0.493711715383836,-1.35767632970527,-1.52512328695293,0.21713546580767,0.622813753835656,0.17824624668797,0.131029925830991,0.21713546580767,0.622813753835656,0.17824624668797,0.131029925830991,FALSE,FALSE,FALSE,FALSE,TRUE,TRUE,TRUE,TRUE
"Butyricimonas",-2.55810999221025,-0.128962203588004,0.91510748006131,0.0528103979626426,0.217198636359304,0.204401913195572,0.248484912978156,0.0069699461263098,-11.7777442579265,-0.630924640439219,3.68274865903732,7.57687319322262,1.33867342216233e-09,0.536480776791746,0.00184569180139417,7.58762515317686e-07,1.33867342216233e-09,0.536480776791746,0.00184569180139417,7.58762515317686e-07,TRUE,FALSE,TRUE,TRUE,TRUE,TRUE,FALSE,TRUE
"Campylobacter",-0.0870131676545255,0.62028711539552,-1.04655679137849,0.0117083908525995,0.254189168923649,0.189917761962904,0.225216337667924,0.0059581556454602,-0.342316582657626,3.26608269276403,-4.64689552372355,1.96510322141729,0.735092405539717,0.00327145363014982,0.000101922417044242,0.061079013096152,0.735092405539717,0.00327145363014982,0.000101922417044242,0.061079013096152,FALSE,TRUE,TRUE,FALSE,TRUE,FALSE,FALSE,TRUE
"Catenibacterium",0.622233830293181,0.425714552867121,1.84251569425798,-0.108642706072723,0.255901546621276,0.191294918658032,0.223148399662236,0.00592470123816834,2.43153602824473,2.225435760937,8.25690749764223,-18.3372463362069,0.0411036324205209,0.0566992770242202,3.47572643984827e-05,8.04963860617503e-08,0.0411036324205209,0.0566992770242202,3.47572643984827e-05,8.04963860617503e-08,FALSE,FALSE,TRUE,TRUE,TRUE,TRUE,FALSE,FALSE
"Citrobacter",-1.19679860719523,-0.116470612978051,1.60646986520438,0.00422717189185647,0.352791457570508,0.301272630350445,0.320635563880216,0.007944576377162,-3.39236844178985,-0.386595399796425,5.01026725096697,0.532082730554164,0.00166297101745427,0.701270234629449,1.36654637033019e-05,0.597849461082639,0.00166297101745427,0.701270234629449,1.36654637033019e-05,0.597849461082639,TRUE,FALSE,TRUE,FALSE,FALSE,TRUE,FALSE,TRUE
"Cloacibacterium",-1.02453327568772,-0.265421717749039,0.282921817372096,0.0451230825109853,0.268235237127435,0.227110763965801,0.242805864802033,0.00669422090097778,-3.81953276034714,-1.1686884105106,1.1652182191018,6.7406025553167,0.00212696763399426,0.26351406321805,0.264866433234693,1.38203857237079e-05,0.00212696763399426,0.26351406321805,0.264866433234693,1.38203857237079e-05,TRUE,FALSE,FALSE,TRUE,FALSE,TRUE,TRUE,FALSE
"Collinsella",-0.657044303716809,-0.0128081457710279,0.637187568258466,0.00318552388698383,0.35110304617024,0.249114455295468,0.295754996587311,0.00783933932365674,-1.87137169809181,-0.0514147031565732,2.15444396750997,0.406351065499983,0.0667149657382817,0.959184789550971,0.0356843007000913,0.686090612287698,0.0667149657382817,0.959184789550971,0.0356843007000913,0.686090612287698,FALSE,FALSE,FALSE,FALSE,TRUE,TRUE,TRUE,TRUE
"Coprococcus",-0.899510341791927,-0.0771291932413675,0.168080547152013,0.0269387160383352,0.409449187826349,0.281500490985309,0.364877504338916,0.00803771343413848,-2.19687904759849,-0.273993103782518,0.46064924571478,3.35153974560958,0.0316570400005373,0.78497231298153,0.646611755040931,0.00135237103071713,0.0316570400005373,0.78497231298153,0.646611755040931,0.00135237103071713,FALSE,FALSE,FALSE,TRUE,TRUE,TRUE,TRUE,FALSE
"Corynebacterium",-2.38046823804085,1.16903171574508,0.38927373747629,0.0593860827805684,0.266499634263565,0.247590446168271,0.284385630437582,0.00737289344862204,-8.93235086276552,4.72163499778408,1.3688235122053,8.05465089037295,3.32934767257117e-10,4.45502973289113e-05,0.18058728542937,3.38670783628925e-09,3.32934767257117e-10,4.45502973289113e-05,0.18058728542937,3.38670783628925e-09,TRUE,TRUE,FALSE,TRUE,FALSE,FALSE,TRUE,FALSE
"Desulfovibrio",-1.47284890103376,0.525043432804383,1.48817695739937,0.00558280345417468,0.250163120548522,0.198745465112972,0.255800840702782,0.0069601128405837,-5.88755407993116,2.64178824158798,5.81771722606845,0.802113928616492,1.79113910851804e-05,0.0171303771987895,2.05817238223484e-05,0.433557380555991,1.79113910851804e-05,0.0171303771987895,2.05817238223484e-05,0.433557380555991,TRUE,FALSE,TRUE,FALSE,FALSE,TRUE,FALSE,FALSE
"Dialister",0.192350179058116,0.318271151773374,-0.619070901013417,-0.00220868392362791,0.462806168950994,0.37617820625313,0.416291318636158,0.0103285443907414,0.415617145929798,0.846064834386524,-1.48710980339825,-0.213842710073242,0.679172876111534,0.400878293839827,0.142222406426604,0.831394750809,0.679172876111534,0.400878293839827,0.142222406426604,0.831394750809,FALSE,FALSE,FALSE,FALSE,TRUE,TRUE,TRUE,TRUE
"Dorea",0.514377569947877,-0.374813756853166,0.0878427862846031,-0.0187724224757048,0.308855281741611,0.246640470353694,0.303379638562651,0.00737356644511459,1.66543232496249,-1.51967662207125,0.289547402392539,-2.545908091483,0.10056678136462,0.133368626441051,0.773070169375979,0.013241943714308,0.10056678136462,0.133368626441051,0.773070169375979,0.013241943714308,FALSE,FALSE,FALSE,FALSE,TRUE,TRUE,TRUE,TRUE
"Eggerthella",-0.419848974253898,-0.0733487383337457,0.574254428034372,-0.00334552021186573,0.305413543318586,0.212717802180792,0.257377282423634,0.00630539376374327,-1.37469009950204,-0.344817112539577,2.23117760288249,-0.530580696022959,0.177075078073989,0.732084562413543,0.0314900195507268,0.598717872063261,0.177075078073989,0.732084562413543,0.0314900195507268,0.598717872063261,FALSE,FALSE,FALSE,FALSE,TRUE,TRUE,TRUE,TRUE
"Faecalibacterium",1.81618493079974,0.13361591129536,-1.20843908555847,-0.0379243094452893,0.667261669135025,0.497972107351383,0.5417950641141,0.0133303254684382,2.72184813665989,0.268320071190407,-2.23043575993888,-2.84496500367387,0.00776492724752976,0.789053680315496,0.0281500517802299,0.00547444784977804,0.00776492724752976,0.789053680315496,0.0281500517802299,0.00547444784977804,TRUE,FALSE,FALSE,TRUE,TRUE,TRUE,TRUE,TRUE
"Flavonifractor",-0.396822925032726,-0.122841499822744,0.330100556041001,0.0020776931552173,0.391542067080742,0.272670488285509,0.337924251686282,0.00830517492261984,-1.01348733225872,-0.450512633747583,0.976847782879625,0.250168500311599,0.314221208773881,0.653694564027267,0.331915297058562,0.803169487663947,0.314221208773881,0.653694564027267,0.331915297058562,0.803169487663947,FALSE,FALSE,FALSE,FALSE,TRUE,TRUE,TRUE,TRUE
"Fusobacterium",-0.988996892143197,0.182678329046381,0.689514301463594,0.0121235453558702,0.481456346745825,0.369592359377937,0.416013711581112,0.0104676146851516,-2.0541777023563,0.49426976616575,1.65743167176632,1.15819560812337,0.0439840885056679,0.622782018328527,0.102251518964311,0.251022066983948,0.0439840885056679,0.622782018328527,0.102251518964311,0.251022066983948,FALSE,FALSE,FALSE,FALSE,TRUE,TRUE,TRUE,TRUE
"Gemella",-0.43558077442671,-0.793024560859794,0.754135943598447,0.00391565211784912,0.346449363047659,0.239293746127383,0.29156732655101,0.00718965467583934,-1.25727110765907,-3.3140212550212,2.58648989418404,0.544623113959503,0.214615180369789,0.00173499985097658,0.0127174561385117,0.58848292944734,0.214615180369789,0.00173499985097658,0.0127174561385117,0.58848292944734,FALSE,TRUE,FALSE,FALSE,FALSE,TRUE,TRUE,FALSE
"Granulicatella",-0.519558671420764,-0.570239081692178,0.62569271431806,0.00720025239353954,0.361089505698897,0.265133790571723,0.308707342016907,0.00743343917938441,-1.43886394708466,-2.15075973704649,2.02681513899269,0.96863002706855,0.155563988678785,0.0356743083247339,0.0472868355137846,0.336751800026013,0.155563988678785,0.0356743083247339,0.0472868355137846,0.336751800026013,FALSE,FALSE,FALSE,FALSE,TRUE,FALSE,TRUE,TRUE
"Haemophilus",-0.826595833664101,-0.0915867117454581,0.543522221462427,0.016346739428136,0.508698546996814,0.405362487667503,0.43979289651948,0.0101247668828687,-1.62492273379597,-0.225937807596498,1.23585948241516,1.61452995582496,0.108112586090038,0.821826029242093,0.220127425384201,0.110350091041089,0.108112586090038,0.821826029242093,0.220127425384201,0.110350091041089,FALSE,FALSE,FALSE,FALSE,TRUE,TRUE,TRUE,TRUE
"Hungatella",-0.937741341032273,0.0604086955894106,0.974734260218168,-0.00565504079121023,0.221580723720659,0.178112693651113,0.204377618519492,0.00576472828506062,-4.23205288477376,0.339159968619301,4.76928084043216,-0.980972651541157,0.000561429080921319,0.738642791938957,0.000178055423130326,0.340361725783539,0.000561429080921319,0.738642791938957,0.000178055423130326,0.340361725783539,TRUE,FALSE,TRUE,FALSE,FALSE,TRUE,FALSE,TRUE
"Intestinibacter",0.0246919629473041,0.0279541846413147,-0.0505867794143212,-0.01017976613652,0.403213631264495,0.275998623070577,0.314272591781844,0.00782140730810339,0.0612379171554023,0.101283782978027,-0.160964655325198,-1.30152614938915,0.951391724240694,0.919693525923507,0.872711035590995,0.198503896079477,0.951391724240694,0.919693525923507,0.872711035590995,0.198503896079477,FALSE,FALSE,FALSE,FALSE,FALSE,TRUE,TRUE,FALSE
"Lachnoanaerobaculum",-1.67624177152287,0.0533517108652353,-0.377661535378517,0.062133426335947,0.203761174862405,0.157475387599509,0.18681621303479,0.00559579344687792,-8.22650228952987,0.338793964431566,-2.02156723575264,11.1035953928238,7.62333858152652e-05,0.744700708761932,0.0829383322362195,1.06874318583484e-05,7.62333858152652e-05,0.744700708761932,0.0829383322362195,1.06874318583484e-05,TRUE,FALSE,FALSE,TRUE,FALSE,TRUE,TRUE,FALSE
"Lachnoclostridium",-0.845382526740591,0.00239282384896287,0.451322087061125,0.0201459261816615,0.535258508362628,0.356347522472059,0.431569540153106,0.0107547459826722,-1.57939110454618,0.00671486034858146,1.04576909413257,1.87321264622336,0.118050099117697,0.994658470156781,0.298703708533801,0.0645590451487442,0.118050099117697,0.994658470156781,0.298703708533801,0.0645590451487442,FALSE,FALSE,FALSE,FALSE,TRUE,TRUE,TRUE,TRUE
"Lachnospira",0.287904167279178,-0.249560411803099,-0.212406423797512,-0.00746862451772791,0.404028332031383,0.288321043273081,0.339878865778185,0.00849013193960895,0.712584104762275,-0.86556433401474,-0.624947430347537,-0.879682974405214,0.479228678708964,0.390630380062886,0.534687041934902,0.383002372113933,0.479228678708964,0.390630380062886,0.534687041934902,0.383002372113933,FALSE,FALSE,FALSE,FALSE,TRUE,TRUE,TRUE,TRUE
"Lactobacillus",-0.976985547294507,0.191640492818461,-1.3080575061219,0.0837630663429216,0.314053574259035,0.206305448709258,0.261197505411634,0.00609954825066678,-3.1108881648603,0.928916293861613,-5.00792495724823,13.7326672239645,0.00715626191392262,0.36764055792826,0.000155956736104279,6.70412194767948e-10,0.00715626191392262,0.36764055792826,0.000155956736104279,6.70412194767948e-10,TRUE,FALSE,TRUE,TRUE,FALSE,TRUE,FALSE,FALSE
"Leptotrichia",-0.692466373705969,-0.610872265806105,-0.0228085534043032,0.022635947907863,0.247474046343034,0.173918271025813,0.21789786593801,0.00589025492198568,-2.79813735597192,-3.51240995096737,-0.104675432713013,3.84294877007328,0.0207757605432121,0.00659360096447081,0.918929027456988,0.0039486714847945,0.0207757605432121,0.00659360096447081,0.918929027456988,0.0039486714847945,FALSE,TRUE,FALSE,TRUE,TRUE,FALSE,TRUE,FALSE
"Massilia",-0.00708638650538654,-0.434328309830615,-0.487291636481399,0.0226419209494199,0.199646534916907,0.157703895281555,0.181583728999419,0.0055461462058201,-0.0354946631472262,-2.75407471106019,-2.68356443149683,4.08246016407926,0.972554980092755,0.0249016560064111,0.0277721756033491,0.00352213167935863,0.972554980092755,0.0249016560064111,0.0277721756033491,0.00352213167935863,FALSE,FALSE,FALSE,TRUE,TRUE,TRUE,TRUE,FALSE
"Megasphaera",-0.298710154027851,1.44307572455557,-1.28243067110817,0.0122746715893286,0.422142939252462,0.275432990181676,0.349882872423907,0.0102738440260653,-0.707604288151337,5.23929876230046,-3.66531422994155,1.19474965340987,0.485039659674161,1.44204420567841e-05,0.0010228783103882,0.242207345573835,0.485039659674161,1.44204420567841e-05,0.0010228783103882,0.242207345573835,FALSE,TRUE,TRUE,FALSE,TRUE,FALSE,FALSE,TRUE
"Odoribacter",-1.59062142853243,-0.102452146424644,0.479222925883014,0.0437428922339693,0.315311679905191,0.239707862235841,0.266133624501532,0.00700501484355712,-5.04460040620982,-0.427404197213373,1.80068537668097,6.24451099831744,1.15489431561794e-05,0.671497228825113,0.0796935808974781,2.63091733362615e-07,1.15489431561794e-05,0.671497228825113,0.0796935808974781,2.63091733362615e-07,TRUE,FALSE,FALSE,TRUE,FALSE,TRUE,TRUE,FALSE
"Oscillibacter",-0.614521587160975,0.519555142392497,-0.339867697923841,0.00686854250900341,0.233782988052515,0.185487831919282,0.21558494725834,0.00586377696586144,-2.62859839494795,2.80102008318578,-1.57649085544257,1.1713512551708,0.016097903202977,0.0110321570465216,0.130599347155467,0.255224166051437,0.016097903202977,0.0110321570465216,0.130599347155467,0.255224166051437,FALSE,FALSE,FALSE,FALSE,TRUE,TRUE,TRUE,FALSE
"Parabacteroides",0.199019806147532,0.0592266628498027,0.0698345737036318,-0.017021510493456,0.458328096931406,0.316380151265398,0.386754261368533,0.00933158673103663,0.434229992618841,0.187200943589283,0.18056575112197,-1.82407461711125,0.66585158519578,0.852204684033735,0.857384403610108,0.0736760753420302,0.66585158519578,0.852204684033735,0.857384403610108,0.0736760753420302,FALSE,FALSE,FALSE,FALSE,TRUE,TRUE,TRUE,TRUE
"Parvimonas",0.714067483701093,-0.383230883253448,-0.596541325103308,-0.0204298662070777,0.312160707502018,0.19773849992452,0.252354969886835,0.00617980243998062,2.28749956846018,-1.9380691337283,-2.36389766910799,-3.3059092754981,0.0312781460513918,0.064465468947658,0.0265191372134988,0.00296876886964806,0.0312781460513918,0.064465468947658,0.0265191372134988,0.00296876886964806,FALSE,FALSE,FALSE,TRUE,TRUE,TRUE,TRUE,FALSE
"Peptoniphilus",2.61708788000308,-0.134456502017554,-2.47867506220582,-0.0150350055294276,0.218783723104828,0.181733804796232,0.200498652888443,0.00587932108006861,11.9619862157164,-0.739854107871197,-12.3625521992158,-2.55726899835383,3.00987532779208e-07,0.476398627306046,2.20705616037516e-07,0.0285063778536976,3.00987532779208e-07,0.476398627306046,2.20705616037516e-07,0.0285063778536976,TRUE,FALSE,TRUE,FALSE,FALSE,TRUE,FALSE,TRUE
"Peptostreptococcus",-1.44217751835574,0.425390094997276,1.24497397059935,-0.000113286331079284,0.241802039750618,0.207567623998631,0.222176862523467,0.00581923673032245,-5.96429012692834,2.04940484841741,5.6035266519611,-0.0194675584323593,1.21260853186736e-05,0.0552846344121894,2.56383744118592e-05,0.984682290916448,1.21260853186736e-05,0.0552846344121894,2.56383744118592e-05,0.984682290916448,TRUE,FALSE,TRUE,FALSE,FALSE,TRUE,FALSE,TRUE
"Phascolarctobacterium",-1.20404492222977,0.344332433277035,0.00609339423078535,0.0278229619944769,0.407235027611117,0.274913150669839,0.329836662535269,0.00763745674537793,-2.95663398429359,1.25251350267549,0.0184739749182182,3.64296164574875,0.00561992001718628,0.218929775857451,0.985368727457569,0.000889105150659051,0.00561992001718628,0.218929775857451,0.985368727457569,0.000889105150659051,TRUE,FALSE,FALSE,TRUE,FALSE,TRUE,TRUE,FALSE
"Porphyromonas",-1.23533608688637,0.799266618700352,1.11042080535271,-0.019369942774588,0.25501826929521,0.240336611088247,0.24743990932631,0.00674222223843936,-4.84410818997574,3.32561325168588,4.48763826488615,-2.87293151865483,7.68986593621946e-05,0.00306962526864867,0.000183323262028914,0.00883699294787802,7.68986593621946e-05,0.00306962526864867,0.000183323262028914,0.00883699294787802,TRUE,TRUE,TRUE,TRUE,FALSE,FALSE,FALSE,FALSE
"Prevotella",-0.311104256165764,0.36042087857704,-0.503406357528725,0.0107502734878725,0.609902811847356,0.434293603062004,0.492670946850483,0.0129843257111808,-0.510088247049476,0.829901421609434,-1.0217902247877,0.827942376600691,0.611800816363695,0.40977864831623,0.310850698076006,0.410878809722593,0.611800816363695,0.40977864831623,0.310850698076006,0.410878809722593,FALSE,FALSE,FALSE,FALSE,TRUE,TRUE,TRUE,TRUE
"Proteus",1.70327914022386,-0.119542539148507,-2.00686682167622,-0.0174254176970221,0.250003102088506,0.190799687052242,0.241444449075866,0.00593817413065822,6.8130320223821,-0.626534251682369,-8.31191948855131,-2.93447401736779,4.66527254099015e-05,0.545000783500416,8.40985611153503e-06,0.0149260176400454,4.66527254099015e-05,0.545000783500416,8.40985611153503e-06,0.0149260176400454,TRUE,FALSE,TRUE,FALSE,FALSE,TRUE,FALSE,TRUE
"Pseudomonas",-1.3241315855675,-0.140401359056072,0.884556846419093,0.0312109765404316,0.371510253502036,0.323806393942116,0.345383491749456,0.0100679510819679,-3.56418584167083,-0.433596623422979,2.56108606100015,3.10003259713207,0.000678475668469502,0.665974298294133,0.012692554308943,0.00282914799990758,0.000678475668469502,0.665974298294133,0.012692554308943,0.00282914799990758,TRUE,FALSE,FALSE,TRUE,FALSE,FALSE,TRUE,FALSE
"Romboutsia",-0.133088475990391,-0.95270358122515,0.315529351896807,0.0140439608856165,0.308788798043976,0.216782041717923,0.255305579123383,0.00629089954647082,-0.431001632291848,-4.39475324466595,1.23588898049235,2.23242491504973,0.669767219395078,0.000144675497298008,0.226768289008743,0.0337637891783885,0.669767219395078,0.000144675497298008,0.226768289008743,0.0337637891783885,FALSE,TRUE,FALSE,FALSE,TRUE,FALSE,TRUE,TRUE
"Roseburia",0.208448314277618,-0.451694096241027,0.268466351947029,-0.0104837156035304,0.491503957650636,0.37513348133382,0.42916232515738,0.0116953082444211,0.424103023043783,-1.20408899422944,0.625558992972131,-0.896403530751855,0.672721039260096,0.232392539706391,0.533528805731116,0.372944188163551,0.672721039260096,0.232392539706391,0.533528805731116,0.372944188163551,FALSE,FALSE,FALSE,FALSE,TRUE,TRUE,TRUE,TRUE
"Rothia",-1.36641990179516,-0.0132689312847219,0.957353829563135,0.019481849932575,0.255805666746352,0.228802302114646,0.263644617370461,0.00616246284216579,-5.34163265096882,-0.0579929972823141,3.63122842829712,3.16137402067127,8.06278264569037e-06,0.954126420806285,0.00100605796615369,0.00349823720377685,8.06278264569037e-06,0.954126420806285,0.00100605796615369,0.00349823720377685,TRUE,FALSE,TRUE,TRUE,FALSE,TRUE,FALSE,FALSE
"Ruminococcus",0.340972986291454,0.169697635540715,-0.914132421330746,-0.00234304743194674,0.441237182903243,0.33445172623386,0.402105363580388,0.00948706138055983,0.772765758424817,0.507390520753529,-2.27336540152366,-0.246972939033359,0.44329882758917,0.614111639201699,0.0273331152396422,0.8059404314399,0.44329882758917,0.614111639201699,0.0273331152396422,0.8059404314399,FALSE,FALSE,FALSE,FALSE,TRUE,TRUE,FALSE,TRUE
"Sellimonas",-0.212161718671329,1.39525103032688,-0.837984614292716,-0.00248538372623803,0.214564032474942,0.176385425332106,0.199596633261892,0.00569824976891324,-0.988803744150857,7.91023990615914,-4.19839052692432,-0.436166161019655,0.351718767590944,4.7358802712881e-05,0.00300311114946398,0.674247232319001,0.351718767590944,4.7358802712881e-05,0.00300311114946398,0.674247232319001,FALSE,TRUE,TRUE,FALSE,TRUE,FALSE,FALSE,FALSE
"Solobacterium",0.407359261410936,0.256992461873164,-0.923838128247719,8.8431204433925e-05,0.276185839561366,0.190471959253169,0.233380672128259,0.00597298284410328,1.47494622482419,1.34924039675351,-3.95850316062165,0.0148051998041861,0.153225771824882,0.189851991844024,0.000585122273948369,0.988309981104203,0.153225771824882,0.189851991844024,0.000585122273948369,0.988309981104203,FALSE,FALSE,TRUE,FALSE,TRUE,TRUE,FALSE,TRUE
"Staphylococcus",-0.243190366406778,0.175363341662375,-0.0570631260466841,0.00596164523619907,0.339597639287064,0.25018077734751,0.292082253384561,0.00697117989829711,-0.716113241886254,0.700946505649349,-0.195366631780787,0.855184534493989,0.476486373820792,0.485838211618391,0.845715364609669,0.395590280292844,0.476486373820792,0.485838211618391,0.845715364609669,0.395590280292844,FALSE,FALSE,FALSE,FALSE,TRUE,TRUE,TRUE,TRUE
"Streptococcus",0.110845972919349,-0.624001407425308,0.164652010907919,0.00108916258034161,0.444517187261571,0.299541403756349,0.375980031895423,0.00852775805502878,0.24936262555383,-2.08318916717397,0.437927541199094,0.127719685914323,0.803668087655251,0.0401687418016938,0.662524171351202,0.898665567040194,0.803668087655251,0.0401687418016938,0.662524171351202,0.898665567040194,FALSE,FALSE,FALSE,FALSE,FALSE,TRUE,TRUE,FALSE
"Subdoligranulum",0.0635944257863083,-0.147459579255828,-0.669450206809644,0.0116233532738154,0.424617990426826,0.310902434722191,0.330864313926987,0.00920500730029193,0.149768561907571,-0.474295350525613,-2.02333759982762,1.26272070131295,0.881333803645601,0.636614424139635,0.0464640597449486,0.210451555753369,0.881333803645601,0.636614424139635,0.0464640597449486,0.210451555753369,FALSE,FALSE,FALSE,FALSE,TRUE,TRUE,TRUE,TRUE
"Sutterella",-0.117570047870206,-0.44085241745545,-0.728837922228181,0.0262259497065271,0.451107855713364,0.354339757123145,0.404807596902382,0.00912942456904264,-0.260625139600562,-1.24415171764719,-1.80045514907651,2.87268376097414,0.79568617921748,0.220509727946175,0.0791487018983298,0.00641800069601115,0.79568617921748,0.220509727946175,0.0791487018983298,0.00641800069601115,FALSE,FALSE,FALSE,TRUE,TRUE,TRUE,TRUE,FALSE
"Tepidimonas",0.178401965084074,-0.214288380057914,-0.260072551847866,0.00364017424789373,0.258888440748769,0.202586214714358,0.227792469033395,0.00625690710477037,0.689107495754123,-1.05776387776461,-1.14170829681704,0.581784927751029,0.496426830858843,0.299203891036184,0.263245522637502,0.565366639642442,0.496426830858843,0.299203891036184,0.263245522637502,0.565366639642442,FALSE,FALSE,FALSE,FALSE,TRUE,TRUE,TRUE,TRUE
"Tyzzerella",-1.45151160291556,-0.00885700702958764,0.983875122046978,0.0256584931729517,0.546081522212053,0.397483179713722,0.458272335943493,0.0118348904032981,-2.65804929094802,-0.0222827215882863,2.14692235354197,2.16803808895444,0.0102251464059328,0.982301640842321,0.0361443604937094,0.0344210968341555,0.0102251464059328,0.982301640842321,0.0361443604937094,0.0344210968341555,FALSE,FALSE,FALSE,FALSE,TRUE,TRUE,TRUE,TRUE
"Veillonella",0.322369364504413,-0.374301554360071,0.185722867554382,-0.0105510639616972,0.440306340866696,0.346450031749713,0.399827054987258,0.00988769846058113,0.73214790382047,-1.08039116772395,0.464508004742951,-1.06708998092535,0.466165777085416,0.283135420464166,0.643514812813535,0.289062840185986,0.466165777085416,0.283135420464166,0.643514812813535,0.289062840185986,FALSE,FALSE,FALSE,FALSE,TRUE,TRUE,TRUE,TRUE
